{"cameraMode":{"drawMode":0,"name":"Shaded","section":"Shading Mode"},"sceneLighting":true,"audioPlay":false,"sceneViewState":{"showFog":true,"showMaterialUpdate":false,"showSkybox":true,"showFlares":true,"showImageEffects":true,"showParticleSystems":true},"in2DMode":false,"pivot":{"x":206.09652709960938,"y":98.08016967773438,"z":136.40879821777345},"rotation":{"x":0.09672746807336807,"y":0.9017338752746582,"z":-0.26890236139297488,"w":0.3243648409843445},"size":68.80133056640625,"orthographic":false}