{"cameraMode":{"drawMode":0,"name":"Shaded","section":"Shading Mode"},"sceneLighting":true,"audioPlay":false,"sceneViewState":{"showFog":true,"showMaterialUpdate":false,"showSkybox":true,"showFlares":true,"showImageEffects":true,"showParticleSystems":true},"in2DMode":false,"pivot":{"x":162.2939910888672,"y":106.10953521728516,"z":97.79753875732422},"rotation":{"x":0.34230393171310427,"y":-0.025364773347973825,"z":0.009244515560567379,"w":0.9392030835151672},"size":141.18582153320313,"orthographic":false}