{"cameraMode":{"drawMode":0,"name":"Shaded","section":"Shading Mode"},"sceneLighting":true,"audioPlay":false,"sceneViewState":{"showFog":true,"showMaterialUpdate":false,"showSkybox":true,"showFlares":true,"showImageEffects":true,"showParticleSystems":true},"in2DMode":false,"pivot":{"x":186.44813537597657,"y":474.20526123046877,"z":-200.81784057617188},"rotation":{"x":-0.03149630129337311,"y":0.007817648351192475,"z":0.00023800384951755404,"w":0.9995233416557312},"size":118.54557800292969,"orthographic":false}