{"cameraMode":{"drawMode":0,"name":"Shaded","section":"Shading Mode"},"sceneLighting":true,"audioPlay":false,"sceneViewState":{"showFog":true,"showMaterialUpdate":false,"showSkybox":true,"showFlares":true,"showImageEffects":true,"showParticleSystems":true},"in2DMode":false,"pivot":{"x":224.76344299316407,"y":-19.695693969726564,"z":186.0985565185547},"rotation":{"x":0.3172304034233093,"y":0.32623040676116946,"z":-0.11723986268043518,"w":0.8827349543571472},"size":215.53273010253907,"orthographic":false}