{"cameraMode":{"drawMode":0,"name":"Shaded","section":"Shading Mode"},"sceneLighting":true,"audioPlay":false,"sceneViewState":{"showFog":true,"showMaterialUpdate":false,"showSkybox":true,"showFlares":true,"showImageEffects":true,"showParticleSystems":true},"in2DMode":false,"pivot":{"x":147.67544555664063,"y":235.87698364257813,"z":83.45082092285156},"rotation":{"x":-0.0319545716047287,"y":-0.9653547406196594,"z":-0.1475350558757782,"w":0.21368224918842317},"size":165.936767578125,"orthographic":false}