{"cameraMode":{"drawMode":0,"name":"Shaded","section":"Shading Mode"},"sceneLighting":true,"audioPlay":false,"sceneViewState":{"showFog":true,"showMaterialUpdate":false,"showSkybox":true,"showFlares":true,"showImageEffects":true,"showParticleSystems":true},"in2DMode":false,"pivot":{"x":137.12078857421876,"y":101.5577163696289,"z":99.9449462890625},"rotation":{"x":-0.0755292996764183,"y":0.811957597732544,"z":-0.10780461877584458,"w":-0.5689186453819275},"size":1.8502402305603028,"orthographic":false}