{"cameraMode":{"drawMode":0,"name":"Shaded","section":"Shading Mode"},"sceneLighting":true,"audioPlay":false,"sceneViewState":{"showFog":true,"showMaterialUpdate":false,"showSkybox":true,"showFlares":true,"showImageEffects":true,"showParticleSystems":true},"in2DMode":false,"pivot":{"x":151.33822631835938,"y":105.29537200927735,"z":80.47367858886719},"rotation":{"x":-0.22464756667613984,"y":0.37436968088150027,"z":-0.09403080493211746,"w":-0.8947628736495972},"size":12.05117416381836,"orthographic":false}