{"cameraMode":{"drawMode":0,"name":"Shaded","section":"Shading Mode"},"sceneLighting":true,"audioPlay":false,"sceneViewState":{"showFog":true,"showMaterialUpdate":false,"showSkybox":true,"showFlares":true,"showImageEffects":true,"showParticleSystems":true},"in2DMode":false,"pivot":{"x":297.0258483886719,"y":125.98416137695313,"z":276.8224182128906},"rotation":{"x":0.06626332551240921,"y":-0.9190697073936462,"z":0.17267899215221406,"w":0.34849750995635989},"size":2.4892420768737795,"orthographic":false}