{"cameraMode":{"drawMode":0,"name":"Shaded","section":"Shading Mode"},"sceneLighting":true,"audioPlay":false,"sceneViewState":{"showFog":true,"showMaterialUpdate":false,"showSkybox":true,"showFlares":true,"showImageEffects":true,"showParticleSystems":true},"in2DMode":false,"pivot":{"x":141.43345642089845,"y":101.59081268310547,"z":98.145751953125},"rotation":{"x":-0.21454019844532014,"y":0.5777701139450073,"z":-0.16095605492591859,"w":-0.7710298299789429},"size":9.775640487670899,"orthographic":false}