{"cameraMode":{"drawMode":0,"name":"Shaded","section":"Shading Mode"},"sceneLighting":true,"audioPlay":false,"sceneViewState":{"showFog":true,"showMaterialUpdate":false,"showSkybox":true,"showFlares":true,"showImageEffects":true,"showParticleSystems":true},"in2DMode":false,"pivot":{"x":253.2797393798828,"y":486.8840026855469,"z":-311.95111083984377},"rotation":{"x":-0.05695723742246628,"y":-0.024023335427045823,"z":0.0013076385948807002,"w":-0.9981737732887268},"size":33.497161865234378,"orthographic":false}