{"cameraMode":{"drawMode":0,"name":"Shaded","section":"Shading Mode"},"sceneLighting":false,"audioPlay":false,"sceneViewState":{"showFog":true,"showMaterialUpdate":true,"showSkybox":true,"showFlares":true,"showImageEffects":true,"showParticleSystems":true},"in2DMode":false,"pivot":{"x":-1.309777545022606e33,"y":-1.8758666347496475e33,"z":1.849901770880666e33},"rotation":{"x":-0.03526110202074051,"y":0.921509861946106,"z":-0.3771918714046478,"w":-0.0866464301943779},"size":3.6809045654405908e22,"orthographic":false}