{"cameraMode":{"drawMode":0,"name":"Shaded","section":"Shading Mode"},"sceneLighting":true,"audioPlay":false,"sceneViewState":{"showFog":true,"showMaterialUpdate":false,"showSkybox":true,"showFlares":true,"showImageEffects":true,"showParticleSystems":true},"in2DMode":false,"pivot":{"x":149.9751434326172,"y":58.5458984375,"z":364.4901123046875},"rotation":{"x":0.33883967995643618,"y":0.063440702855587,"z":-0.022908009588718416,"w":0.9384389519691467},"size":854.543212890625,"orthographic":false}