{"cameraMode":{"drawMode":0,"name":"Shaded","section":"Shading Mode"},"sceneLighting":true,"audioPlay":false,"sceneViewState":{"showFog":true,"showMaterialUpdate":false,"showSkybox":true,"showFlares":true,"showImageEffects":true,"showParticleSystems":true},"in2DMode":false,"pivot":{"x":91.8011703491211,"y":129.73223876953126,"z":338.7402038574219},"rotation":{"x":-0.04132494330406189,"y":0.5962007641792297,"z":0.02988445572555065,"w":0.8014755249023438},"size":2.753483533859253,"orthographic":false}